{
  "integrations": [
    {
      "id": "87b44f81-e378-4ac3-9db5-ab93c432894c",
      "name": "Create FreshDesk Ticket - Event Status Updates",
      "action": "RUN_SCRIPT",
      "type": "OUTBOUND_WEBHOOK",
      "triggeredBy": "STATUS",
      "deployed": true,
      "form": "93752f6e-704a-4d05-bce3-39e2c54d0530",
      "environment": "HOSTED",
      "authType": "NONE",
      "createdBy": "FLOW"
    },
    {
      "id": "2e1130f5-8ca2-45be-8317-01a3c6ac538b",
      "name": "Ticket Alerts - Assign ticket to me",
      "action": "RUN_SCRIPT",
      "type": "OUTBOUND_WEBHOOK",
      "triggeredBy": "RESPONSE",
      "responseChoice": "Assign ticket to me",
      "deployed": true,
      "form": "4c662235-50f1-4290-85b5-4e10013208d1",
      "environment": "HOSTED",
      "authType": "NONE",
      "createdBy": "FLOW"
    },
    {
      "id": "ae95d923-1586-4e9d-939a-a91042fc970f",
      "name": "Ticket Alerts - Device Delivery Updates",
      "action": "RUN_SCRIPT",
      "type": "OUTBOUND_WEBHOOK",
      "triggeredBy": "DELIVERYSTATUS",
      "deployed": true,
      "form": "4c662235-50f1-4290-85b5-4e10013208d1",
      "environment": "HOSTED",
      "authType": "NONE",
      "createdBy": "FLOW"
    },
    {
      "id": "9affd532-b06e-46bd-baaa-5c1c9536d492",
      "name": "Ticket Alerts - Event Comments",
      "action": "RUN_SCRIPT",
      "type": "OUTBOUND_WEBHOOK",
      "triggeredBy": "ANNOTATION",
      "deployed": true,
      "form": "4c662235-50f1-4290-85b5-4e10013208d1",
      "environment": "HOSTED",
      "authType": "NONE",
      "createdBy": "FLOW"
    },
    {
      "id": "3cab302b-0b4a-4b76-94a2-0f2cb8d88854",
      "name": "Ticket Alerts - Event Status Updates",
      "action": "RUN_SCRIPT",
      "type": "OUTBOUND_WEBHOOK",
      "triggeredBy": "STATUS",
      "deployed": true,
      "form": "4c662235-50f1-4290-85b5-4e10013208d1",
      "environment": "HOSTED",
      "authType": "NONE",
      "createdBy": "FLOW"
    },
    {
      "id": "963656a2-7d75-4f3a-9ca8-7fe1dbf86b46",
      "name": "Ticket Alerts - FreshDesk-Inbound",
      "action": "RUN_SCRIPT",
      "type": "INBOUND_WEBHOOK",
      "deployed": true,
      "form": "4c662235-50f1-4290-85b5-4e10013208d1",
      "environment": "HOSTED",
      "authType": "URL",
      "createdBy": "FLOW",
      "integrationScriptStepUuid": "64372ef9-afa4-445a-9d6a-27c8b7728543"
    },
    {
      "id": "c192459a-bea9-41ef-af0e-c22df52c0545",
      "name": "Ticket Alerts - Resolve ticket",
      "action": "RUN_SCRIPT",
      "type": "OUTBOUND_WEBHOOK",
      "triggeredBy": "RESPONSE",
      "responseChoice": "Resolve ticket",
      "deployed": true,
      "form": "4c662235-50f1-4290-85b5-4e10013208d1",
      "environment": "HOSTED",
      "authType": "NONE",
      "createdBy": "FLOW"
    }
  ],
  "endpoints": [
    {
      "name": "FreshDesk",
      "baseUrl": "https://company.freshdesk.com/api/v2",
      "type": "EXTERNAL",
      "authentication": "BASIC"
    }
  ],
  "constants": [
    {
      "name": "Integration_User_ID",
      "value": "",
      "description": "Account capable of updating FreshDesk tickets"
    }
  ]
}