[
  {
    "id": "04e7a7d7-9491-4212-a823-2376fafadba3",
    "name": "Add FreshDesk Ticket Note",
    "description": "",
    "icon": "https://s3-xmatters-static.s3.amazonaws.com/null/customers/8b00864e-ae18-4699-9d6c-cd840d0500ca/IMAGE__20200701120622082__fdLOGO.png",
    "script": "\nvar data = {};\nif(input['private'] === \"true\"){\ndata.private = true;\n}\nif(input['private'] === \"false\"){\ndata.private = false;\n}\ndata.body = input['body'];\ndata.user_id = parseInt(input['user_id']);\n\nconsole.log(\"PAYLOAD\"+ \" \" + JSON.stringify(data));\n\nvar apiRequest = http.request({\n    'endpoint': 'FreshDesk',\n    'path': '/tickets/' + input['ticket_id'] + '/notes',\n    'method': 'POST'\n});\nvar apiResponse = apiRequest.write(data);\nif (apiResponse.statusCode == 200) {\n\nconsole.log(\"Private noted added!\");\n\n}\n ",
    "endpointAuthType": "BASIC",
    "endpointLabel": "FreshDesk",
    "allowedEnvironment": "HOSTED",
    "accessibleByAll": "NotShared",
    "scriptStepType": "USER",
    "inputs": [
      {
        "id": "c922ac35-e229-4fe4-8cc3-9fe113c74541",
        "name": "private",
        "helpText": "",
        "defaultValue": "",
        "multiline": false,
        "required": false,
        "maxLength": 20000,
        "minLength": 0,
        "position": 0
      },
      {
        "id": "1026fd3d-e29a-4508-96aa-c0de9ca85659",
        "name": "body",
        "helpText": "",
        "defaultValue": "",
        "multiline": false,
        "required": false,
        "maxLength": 20000,
        "minLength": 0,
        "position": 1
      },
      {
        "id": "6f99957b-6d2b-4145-93bb-d77083157f92",
        "name": "user_id",
        "helpText": "",
        "defaultValue": "",
        "multiline": false,
        "required": false,
        "maxLength": 20000,
        "minLength": 0,
        "position": 2
      },
      {
        "id": "fc6663aa-5013-4a86-a0da-e26912e4715e",
        "name": "ticket_id",
        "helpText": "",
        "defaultValue": "",
        "multiline": false,
        "required": false,
        "maxLength": 20000,
        "minLength": 0,
        "position": 3
      }
    ],
    "outputs": [],
    "libraries": []
  },
  {
    "id": "e58b8047-47c1-4d46-b55e-7a82b4020e6f",
    "name": "Assign FreshDesk Ticket",
    "description": "",
    "icon": "https://s3-xmatters-static.s3.amazonaws.com/null/customers/8b00864e-ae18-4699-9d6c-cd840d0500ca/IMAGE__20200701120622082__fdLOGO.png",
    "script": "\nvar data = {};\n\ndata.priority = input['ticket_priority'];\ndata.responder_id = parseInt(input['responder_id']);\ndata.status = parseInt(input['ticket_status']);\n\nswitch(data.priority){\n    \n    case 'Urgent':\n    data.priority = parseInt(\"4\");\n    break;\n    \n    case 'High':\n    data.priority = parseInt(\"3\");\n    break;\n    \n    case 'Medium':\n    data.priority = parseInt(\"2\");\n    break;\n    \n    case 'Low':\n    data.priority = parseInt(\"1\");\n    break;\n}\n\n\n\n//console.log(\"PAYLOAD\"+ \" \" + JSON.stringify(data));\n\nvar apiRequest = http.request({\n    'endpoint': 'FreshDesk',\n    'path': '/tickets/' + input['ticket_id'],\n    'method': 'PUT'\n});\nvar apiResponse = apiRequest.write(data);\nif (apiResponse.statusCode == 200) {\n\nconsole.log(\"Ticket Assigned\");\n\n}\n ",
    "endpointAuthType": "BASIC",
    "endpointLabel": "FreshDesk",
    "allowedEnvironment": "HOSTED",
    "accessibleByAll": "NotShared",
    "scriptStepType": "USER",
    "inputs": [
      {
        "id": "0b4ad481-8ed4-4a3c-a57c-8dc68c32976d",
        "name": "ticket_priority",
        "helpText": "",
        "defaultValue": "",
        "multiline": false,
        "required": false,
        "maxLength": 20000,
        "minLength": 0,
        "position": 0
      },
      {
        "id": "cb924a49-ed3f-41f6-a690-50530ccc58b7",
        "name": "ticket_status",
        "helpText": "",
        "defaultValue": "",
        "multiline": false,
        "required": false,
        "maxLength": 20000,
        "minLength": 0,
        "position": 1
      },
      {
        "id": "43d17dfe-e08d-4539-a43f-5836b5d8a221",
        "name": "responder_id",
        "helpText": "",
        "defaultValue": "",
        "multiline": false,
        "required": false,
        "maxLength": 20000,
        "minLength": 0,
        "position": 2
      },
      {
        "id": "3cb0ef9a-ddd5-4509-a331-40d636e76279",
        "name": "ticket_id",
        "helpText": "",
        "defaultValue": "",
        "multiline": false,
        "required": false,
        "maxLength": 20000,
        "minLength": 0,
        "position": 3
      }
    ],
    "outputs": [],
    "libraries": []
  },
  {
    "id": "cd32d5f0-8fdd-492c-b5d8-0a363bced9dc",
    "name": "Clean FreshDesk Ticket Description",
    "description": "",
    "icon": "https://s3-xmatters-static.s3.amazonaws.com/null/customers/8b00864e-ae18-4699-9d6c-cd840d0500ca/IMAGE__20200701120622082__fdLOGO.png",
    "script": "var desc = input['ticket_description'];\n\nvar description = desc.replace(/<\\/?[^>]+>/gi, '');\n\noutput['ticket_description'] = description;",
    "allowedEnvironment": "HOSTED",
    "accessibleByAll": "NotShared",
    "scriptStepType": "USER",
    "inputs": [
      {
        "id": "9948df4b-6811-42ab-9938-abfe764fef0a",
        "name": "ticket_description",
        "helpText": "",
        "defaultValue": "",
        "multiline": false,
        "required": false,
        "maxLength": 20000,
        "minLength": 0,
        "position": 0
      }
    ],
    "outputs": [
      {
        "id": "88ea0301-a305-4982-8034-f5973e8c5434",
        "name": "ticket_description",
        "position": 0
      }
    ],
    "libraries": []
  },
  {
    "id": "b68c911f-402d-4478-ba04-30932f60d416",
    "name": "Create FreshDesk Ticket",
    "description": "",
    "icon": "https://s3-xmatters-static.s3.amazonaws.com/null/customers/8b00864e-ae18-4699-9d6c-cd840d0500ca/IMAGE__20200701120622082__fdLOGO.png",
    "script": "\nvar data = {};\n\ndata.priority = input['ticket_priority'];\ndata.status = input['ticket_status'];\ndata.subject = input['ticket_subject'];\ndata.description = input['ticket_description'];\ndata.source = input['ticket_source'];\ndata.email = input['ticket_email'];\n\n\nswitch(data.priority){\n    \n    case 'Urgent':\n    data.priority = parseInt(\"4\");\n    break;\n    \n    case 'High':\n    data.priority = parseInt(\"3\");\n    break;\n    \n    case 'Medium':\n    data.priority = parseInt(\"2\");\n    break;\n    \n    case 'Low':\n    data.priority = parseInt(\"1\");\n    break;\n}\n\nswitch(data.status){\n    \n    case 'Resolved':\n    data.status = parseInt(\"4\");\n    break;\n    \n    case 'Pending':\n    data.status = parseInt(\"3\");\n    break;\n    \n    case 'Open':\n    data.status = parseInt(\"2\");\n    break;\n    \n    case 'Closed':\n    data.status = parseInt(\"5\");\n    break;\n}\n\nswitch(data.source){\n    \n    case 'Outbound Email':\n    data.source = parseInt(\"10\");\n    break;\n    \n    case 'Feedback Widget':\n    data.source = parseInt(\"9\");\n    break;\n    \n    case 'Mobihelp':\n    data.source = parseInt(\"8\");\n    break;\n    \n    case 'Chat':\n    data.source = parseInt(\"7\");\n    break;\n    \n    case 'Phone':\n    data.source = parseInt(\"3\");\n    break;\n    \n    case 'Portal':\n    data.source = parseInt(\"2\");\n    break;\n    \n    case 'Email':\n    data.source = parseInt(\"1\");\n    break;\n}\nvar apiRequest = http.request({\n    'endpoint': 'FreshDesk',\n    'path': '/tickets',\n    'method': 'POST'\n});\nvar apiResponse = apiRequest.write(data);\nif (apiResponse.statusCode == 201) {\n\nconsole.log(\"Ticket Created\");\n\n}\n ",
    "endpointAuthType": "BASIC",
    "endpointLabel": "FreshDesk",
    "allowedEnvironment": "HOSTED",
    "accessibleByAll": "NotShared",
    "scriptStepType": "USER",
    "inputs": [
      {
        "id": "675f470b-92aa-44e4-a078-a7f83f087537",
        "name": "ticket_priority",
        "helpText": "",
        "defaultValue": "",
        "multiline": false,
        "required": false,
        "maxLength": 20000,
        "minLength": 0,
        "position": 0
      },
      {
        "id": "0130722e-bf09-4659-a370-9b24a57b7b66",
        "name": "ticket_status",
        "helpText": "",
        "defaultValue": "",
        "multiline": false,
        "required": false,
        "maxLength": 20000,
        "minLength": 0,
        "position": 1
      },
      {
        "id": "f7bac243-a6d9-4989-894c-82d8955f0ed9",
        "name": "ticket_subject",
        "helpText": "",
        "defaultValue": "",
        "multiline": false,
        "required": false,
        "maxLength": 20000,
        "minLength": 0,
        "position": 2
      },
      {
        "id": "baac31cf-fe62-4ef4-bbf5-4e7ec14cf529",
        "name": "ticket_description",
        "helpText": "",
        "defaultValue": "",
        "multiline": false,
        "required": false,
        "maxLength": 20000,
        "minLength": 0,
        "position": 3
      },
      {
        "id": "f462e61d-8353-4807-a161-ab461a56cfb7",
        "name": "ticket_source",
        "helpText": "",
        "defaultValue": "",
        "multiline": false,
        "required": false,
        "maxLength": 2000,
        "minLength": 0,
        "position": 4
      },
      {
        "id": "59018d7b-046b-42b9-bbdd-7e9183695c52",
        "name": "ticket_email",
        "helpText": "",
        "defaultValue": "",
        "multiline": false,
        "required": false,
        "maxLength": 2000,
        "minLength": 0,
        "position": 5
      }
    ],
    "outputs": [],
    "libraries": []
  },
  {
    "id": "64372ef9-afa4-445a-9d6a-27c8b7728543",
    "name": "FreshDesk-Inbound",
    "description": "",
    "icon": "https://s3-xmatters-static.s3.amazonaws.com/null/customers/8b00864e-ae18-4699-9d6c-cd840d0500ca/IMAGE__20200701120622082__fdLOGO.png",
    "script": "\n// parse request body\nconst data = JSON.parse(request.body);\n\nvar properties = data.freshdesk_webhook;\n\n\nvar payload = {};\n\npayload.properties = properties;\n\n\nconsole.log(`Received body: ${JSON.stringify(payload)}`);\n// set properties to output\nfor (const prop in payload.properties) {\n  console.log(`Key: ${prop} and Value: ${payload.properties[prop]}`);\n  output[prop] = payload.properties[prop];\n}\nconsole.log(`Output with Properties: ${JSON.stringify(output)}`);\n\n",
    "allowedEnvironment": "HOSTED",
    "accessibleByAll": "NotShared",
    "triggerAuthType": "URL_AUTH",
    "scriptStepType": "CUSTOM_HTTP",
    "inputs": [],
    "outputs": [
      {
        "id": "d6c6fc69-be0c-41c7-84af-9be3e32eceb6",
        "name": "ticket_id",
        "position": 0
      },
      {
        "id": "5e96150e-b194-4cea-87d3-4caa9a8e4485",
        "name": "ticket_subject",
        "position": 1
      },
      {
        "id": "5b79a793-7951-4635-9f81-c39e5beeeefd",
        "name": "ticket_description",
        "position": 2
      },
      {
        "id": "03d40227-8201-4126-90ee-a77f1efdc3a7",
        "name": "ticket_url",
        "position": 3
      },
      {
        "id": "efa9d74b-84c2-47c4-b826-51586dccc812",
        "name": "ticket_portal_url",
        "position": 4
      },
      {
        "id": "384dcb61-c5f8-4e53-9204-a9e11a25a186",
        "name": "ticket_group_name",
        "position": 5
      },
      {
        "id": "9009beac-543f-4b71-94ec-5ec1d58b446a",
        "name": "ticket_due_by_time",
        "position": 6
      },
      {
        "id": "f52639aa-d24f-4b44-b465-3bb000895e49",
        "name": "ticket_status",
        "position": 7
      },
      {
        "id": "107628fd-306d-4943-905e-81d3ee6a3e5e",
        "name": "ticket_priority",
        "position": 8
      },
      {
        "id": "87f04989-8459-4879-b980-176fdf552f69",
        "name": "ticket_company_name",
        "position": 9
      },
      {
        "id": "e911c30e-f21a-4357-9b6c-3baad102f776",
        "name": "ticket_contact_firstname",
        "position": 10
      },
      {
        "id": "16569117-eccd-456d-9453-8e0eaadf7459",
        "name": "ticket_contact_lastname",
        "position": 11
      },
      {
        "id": "c22ef4b0-1eca-4016-8ab4-afd7fa39cd46",
        "name": "ticket_source",
        "position": 12
      },
      {
        "id": "fef00337-e2ee-4c14-9d07-02225704e2df",
        "name": "ticket_agent_name",
        "position": 13
      }
    ],
    "libraries": []
  },
  {
    "id": "cef8d29a-daf3-49dd-bad6-5bbd90342cac",
    "name": "Resolve FreshDesk Ticket",
    "description": "",
    "icon": "https://s3-xmatters-static.s3.amazonaws.com/null/customers/8b00864e-ae18-4699-9d6c-cd840d0500ca/IMAGE__20200701120622082__fdLOGO.png",
    "script": "\nvar data = {};\n\ndata.priority = input['ticket_priority'];\ndata.responder_id = parseInt(input['responder_id']);\ndata.status = parseInt(input['ticket_status']);\n\nswitch(data.priority){\n    \n    case 'Urgent':\n    data.priority = parseInt(\"4\");\n    break;\n    \n    case 'High':\n    data.priority = parseInt(\"3\");\n    break;\n    \n    case 'Medium':\n    data.priority = parseInt(\"2\");\n    break;\n    \n    case 'Low':\n    data.priority = parseInt(\"1\");\n    break;\n}\n\n\n\n//console.log(\"PAYLOAD\"+ \" \" + JSON.stringify(data));\n\nvar apiRequest = http.request({\n    'endpoint': 'FreshDesk',\n    'path': '/tickets/' + input['ticket_id'],\n    'method': 'PUT'\n});\nvar apiResponse = apiRequest.write(data);\nif (apiResponse.statusCode == 200) {\n\nconsole.log(\"Ticket Resolved!\");\n\n}\n ",
    "endpointAuthType": "BASIC",
    "endpointLabel": "FreshDesk",
    "allowedEnvironment": "HOSTED",
    "accessibleByAll": "NotShared",
    "scriptStepType": "USER",
    "inputs": [
      {
        "id": "eee1f0c3-4dae-4f0b-b35f-f6441d15e940",
        "name": "ticket_priority",
        "helpText": "",
        "defaultValue": "",
        "multiline": false,
        "required": false,
        "maxLength": 20000,
        "minLength": 0,
        "position": 0
      },
      {
        "id": "bf8511bb-12a1-49f3-9354-477da412ca4a",
        "name": "ticket_status",
        "helpText": "",
        "defaultValue": "",
        "multiline": false,
        "required": false,
        "maxLength": 20000,
        "minLength": 0,
        "position": 1
      },
      {
        "id": "82b3fb24-45e9-41a5-92c6-d587379cb092",
        "name": "responder_id",
        "helpText": "",
        "defaultValue": "",
        "multiline": false,
        "required": false,
        "maxLength": 20000,
        "minLength": 0,
        "position": 2
      },
      {
        "id": "eb90a77d-fdad-4b97-bef9-4fae381537bf",
        "name": "ticket_id",
        "helpText": "",
        "defaultValue": "",
        "multiline": false,
        "required": false,
        "maxLength": 20000,
        "minLength": 0,
        "position": 3
      }
    ],
    "outputs": [],
    "libraries": []
  }
]