[
  {
    "baseType": 3,
    "name": "Description",
    "defaultValue": "",
    "description": "",
    "helpText": "",
    "isSystem": false,
    "minLength": 0,
    "maxLength": 20000,
    "validationRegex": "",
    "isValidate": false,
    "uuid": "8ccc00be-a50e-4e3a-b5d6-ed880efabbc3"
  },
  {
    "baseType": 3,
    "name": "Email",
    "defaultValue": "",
    "description": "Email address of ticket requester. ",
    "helpText": "Email address of ticket requester. ",
    "isSystem": false,
    "minLength": 0,
    "maxLength": 300,
    "validationRegex": "",
    "isValidate": false,
    "uuid": "ea1fc8ec-3ac0-4631-9936-19a756a3d811"
  },
  {
    "baseType": 21,
    "name": "Priority",
    "description": "",
    "helpText": "",
    "isSystem": false,
    "values": [
      {
        "value": "Urgent",
        "isDefault": true,
        "isVisible": true
      },
      {
        "value": "High",
        "isDefault": false,
        "isVisible": true
      },
      {
        "value": "Medium",
        "isDefault": false,
        "isVisible": true
      },
      {
        "value": "Low",
        "isDefault": false,
        "isVisible": true
      }
    ],
    "uuid": "8a7aa627-04f5-46e8-98c6-d19a7d3b5f1c"
  },
  {
    "baseType": 21,
    "name": "Source",
    "description": "",
    "helpText": "",
    "isSystem": false,
    "values": [
      {
        "value": "Email",
        "isDefault": true,
        "isVisible": true
      },
      {
        "value": "Portal",
        "isDefault": false,
        "isVisible": true
      },
      {
        "value": "Phone",
        "isDefault": false,
        "isVisible": true
      },
      {
        "value": "Chat",
        "isDefault": false,
        "isVisible": true
      },
      {
        "value": "Mobihelp",
        "isDefault": false,
        "isVisible": true
      },
      {
        "value": "Feedback Widget",
        "isDefault": false,
        "isVisible": true
      },
      {
        "value": "Outbound Email",
        "isDefault": false,
        "isVisible": true
      }
    ],
    "uuid": "1e803f1a-915a-4480-a6d6-3e60ccdc5566"
  },
  {
    "baseType": 21,
    "name": "Status",
    "description": "",
    "helpText": "",
    "isSystem": false,
    "values": [
      {
        "value": "Closed",
        "isDefault": false,
        "isVisible": true
      },
      {
        "value": "Open",
        "isDefault": true,
        "isVisible": true
      },
      {
        "value": "Pending",
        "isDefault": false,
        "isVisible": true
      },
      {
        "value": "Resolved",
        "isDefault": false,
        "isVisible": true
      }
    ],
    "uuid": "823ce4d0-592b-4400-8e32-1b6ada32804d"
  },
  {
    "baseType": 3,
    "name": "Subject",
    "defaultValue": "",
    "description": "",
    "helpText": "",
    "isSystem": false,
    "minLength": 0,
    "maxLength": 20000,
    "validationRegex": "",
    "isValidate": false,
    "uuid": "0f6349a6-f543-450a-86a2-a2df1f646341"
  },
  {
    "baseType": 3,
    "name": "ticket_agent_name",
    "defaultValue": "",
    "description": "",
    "helpText": "",
    "isSystem": false,
    "minLength": 0,
    "maxLength": 20000,
    "validationRegex": "",
    "isValidate": false,
    "uuid": "7b9edca0-3ee7-4092-acc7-6e257ddf775d"
  },
  {
    "baseType": 3,
    "name": "ticket_company_name",
    "defaultValue": "",
    "description": "",
    "helpText": "",
    "isSystem": false,
    "minLength": 0,
    "maxLength": 20000,
    "validationRegex": "",
    "isValidate": false,
    "uuid": "891a7d65-3126-4d2a-a27b-46232d35257a"
  },
  {
    "baseType": 3,
    "name": "ticket_contact_firstname",
    "defaultValue": "",
    "description": "",
    "helpText": "",
    "isSystem": false,
    "minLength": 0,
    "maxLength": 20000,
    "validationRegex": "",
    "isValidate": false,
    "uuid": "dd236f1c-a938-4c08-8a44-332b46744fe1"
  },
  {
    "baseType": 3,
    "name": "ticket_contact_lastname",
    "defaultValue": "",
    "description": "",
    "helpText": "",
    "isSystem": false,
    "minLength": 0,
    "maxLength": 20000,
    "validationRegex": "",
    "isValidate": false,
    "uuid": "4e906b68-c85f-42a5-8e6e-1fb83644335a"
  },
  {
    "baseType": 3,
    "name": "ticket_description",
    "defaultValue": "",
    "description": "",
    "helpText": "",
    "isSystem": false,
    "minLength": 0,
    "maxLength": 20000,
    "validationRegex": "",
    "isValidate": false,
    "uuid": "992d0b57-aed7-422f-aa69-760d6dd518bf"
  },
  {
    "baseType": 3,
    "name": "ticket_due_by_time",
    "defaultValue": "",
    "description": "",
    "helpText": "",
    "isSystem": false,
    "minLength": 0,
    "maxLength": 20000,
    "validationRegex": "",
    "isValidate": false,
    "uuid": "3077ae36-45b6-4e72-b990-84047e46f214"
  },
  {
    "baseType": 3,
    "name": "ticket_group_name",
    "defaultValue": "",
    "description": "",
    "helpText": "",
    "isSystem": false,
    "minLength": 0,
    "maxLength": 20000,
    "validationRegex": "",
    "isValidate": false,
    "uuid": "03f3a43d-dc08-4b2f-b5ea-8be8fe26807a"
  },
  {
    "baseType": 3,
    "name": "ticket_id",
    "defaultValue": "",
    "description": "",
    "helpText": "",
    "isSystem": false,
    "minLength": 0,
    "maxLength": 20000,
    "validationRegex": "",
    "isValidate": false,
    "uuid": "3390d714-2ee4-4ba6-a6d7-c924019f6169"
  },
  {
    "baseType": 3,
    "name": "ticket_portal_url",
    "defaultValue": "",
    "description": "",
    "helpText": "",
    "isSystem": false,
    "minLength": 0,
    "maxLength": 20000,
    "validationRegex": "",
    "isValidate": false,
    "uuid": "1eb3b4d2-c41b-467e-84a3-27d0b974009c"
  },
  {
    "baseType": 3,
    "name": "ticket_priority",
    "defaultValue": "",
    "description": "",
    "helpText": "",
    "isSystem": false,
    "minLength": 0,
    "maxLength": 20000,
    "validationRegex": "",
    "isValidate": false,
    "uuid": "e6859f05-7f1a-4533-9887-2fd2ad4e23fa"
  },
  {
    "baseType": 3,
    "name": "ticket_source",
    "defaultValue": "",
    "description": "",
    "helpText": "",
    "isSystem": false,
    "minLength": 0,
    "maxLength": 20000,
    "validationRegex": "",
    "isValidate": false,
    "uuid": "b681c6ce-3d5e-41cb-a723-10a8d4f1f44e"
  },
  {
    "baseType": 3,
    "name": "ticket_status",
    "defaultValue": "",
    "description": "",
    "helpText": "",
    "isSystem": false,
    "minLength": 0,
    "maxLength": 20000,
    "validationRegex": "",
    "isValidate": false,
    "uuid": "de7ec23b-8896-45d9-80d4-4b367d258954"
  },
  {
    "baseType": 3,
    "name": "ticket_subject",
    "defaultValue": "",
    "description": "",
    "helpText": "",
    "isSystem": false,
    "minLength": 0,
    "maxLength": 20000,
    "validationRegex": "",
    "isValidate": false,
    "uuid": "82ea4ff0-25e1-443b-ab1b-1836a37152bf"
  },
  {
    "baseType": 3,
    "name": "ticket_url",
    "defaultValue": "",
    "description": "",
    "helpText": "",
    "isSystem": false,
    "minLength": 0,
    "maxLength": 20000,
    "validationRegex": "",
    "isValidate": false,
    "uuid": "917128dc-d065-46a3-90c0-228f15808f1e"
  }
]