{
  "name": "Create FreshDesk Ticket",
  "form": "93752f6e-704a-4d05-bce3-39e2c54d0530",
  "blocks": [
    {
      "id": "c40a11ee-4080-4620-8cb6-bb3ffcc7aad6",
      "endpoint": "FreshDesk",
      "label": "Create FreshDesk Ticket",
      "environment": "HOSTED",
      "presentation": "{\"w\":60,\"x\":200,\"h\":60,\"y\":-20}",
      "step": "b68c911f-402d-4478-ba04-30932f60d416",
      "stepType": "SCRIPT_STEP",
      "inputMappings": [
        {
          "inputPort": "input",
          "mapping": "${event.properties.Priority}",
          "stepInput": "675f470b-92aa-44e4-a078-a7f83f087537"
        },
        {
          "inputPort": "input",
          "mapping": "${event.properties.Status}",
          "stepInput": "0130722e-bf09-4659-a370-9b24a57b7b66"
        },
        {
          "inputPort": "input",
          "mapping": "${event.properties.Subject}",
          "stepInput": "f7bac243-a6d9-4989-894c-82d8955f0ed9"
        },
        {
          "inputPort": "input",
          "mapping": "${event.properties.Description}",
          "stepInput": "baac31cf-fe62-4ef4-bbf5-4e7ec14cf529"
        },
        {
          "inputPort": "input",
          "mapping": "${event.properties.Source}",
          "stepInput": "f462e61d-8353-4807-a161-ab461a56cfb7"
        },
        {
          "inputPort": "input",
          "mapping": "${event.properties.Email}",
          "stepInput": "59018d7b-046b-42b9-bbdd-7e9183695c52"
        }
      ]
    },
    {
      "id": "d47875b8-b6ba-42b2-b85b-c35f6226ebeb",
      "label": "Create FreshDesk Ticket - Event Status Updates",
      "environment": "HOSTED",
      "presentation": "{\"w\":60,\"x\":-298,\"h\":60,\"y\":-171}",
      "step": "87b44f81-e378-4ac3-9db5-ab93c432894c",
      "stepType": "INTEGRATION"
    },
    {
      "id": "bd6d612e-23e7-4abb-9274-7b59f720ab10",
      "label": "Switch",
      "environment": "HOSTED",
      "presentation": "{\"w\":60,\"x\":-28,\"h\":60,\"y\":-156}",
      "stepType": "SWITCH",
      "inputMappings": [
        {
          "inputPort": "input",
          "mapping": "${event.status}"
        }
      ],
      "switchCases": [
        {
          "caseId": "fb4c1a31-41fb-4bee-8db5-c18d51f8ec95",
          "caseValue": "ACTIVE"
        }
      ]
    }
  ],
  "edges": [
    {
      "fromBlock": "bd6d612e-23e7-4abb-9274-7b59f720ab10",
      "fromPort": "fb4c1a31-41fb-4bee-8db5-c18d51f8ec95",
      "toBlock": "c40a11ee-4080-4620-8cb6-bb3ffcc7aad6",
      "toPort": "input"
    },
    {
      "fromBlock": "d47875b8-b6ba-42b2-b85b-c35f6226ebeb",
      "fromPort": "output",
      "toBlock": "bd6d612e-23e7-4abb-9274-7b59f720ab10",
      "toPort": "input"
    }
  ]
}