{
  "name": "Ticket Alerts",
  "form": "4c662235-50f1-4290-85b5-4e10013208d1",
  "blocks": [
    {
      "id": "84e856ed-6720-46d2-a7d5-cdacdae61b09",
      "endpoint": "FreshDesk",
      "label": "Add FreshDesk Ticket Note",
      "environment": "HOSTED",
      "presentation": "{\"w\":60,\"x\":-384,\"h\":60,\"y\":1566}",
      "step": "04e7a7d7-9491-4212-a823-2376fafadba3",
      "stepType": "SCRIPT_STEP",
      "inputMappings": [
        {
          "inputPort": "input",
          "mapping": "true",
          "stepInput": "c922ac35-e229-4fe4-8cc3-9fe113c74541"
        },
        {
          "inputPort": "input",
          "mapping": "xMatters event  ${event.id}  has an updated status of ${event.status}",
          "stepInput": "1026fd3d-e29a-4508-96aa-c0de9ca85659"
        },
        {
          "inputPort": "input",
          "mapping": "${constants.Integration_User_ID}",
          "stepInput": "6f99957b-6d2b-4145-93bb-d77083157f92"
        },
        {
          "inputPort": "input",
          "mapping": "${event.properties.ticket_id}",
          "stepInput": "fc6663aa-5013-4a86-a0da-e26912e4715e"
        }
      ]
    },
    {
      "id": "3b56e3d5-3754-4a87-b724-3c3cb1b933a4",
      "endpoint": "FreshDesk",
      "label": "Add FreshDesk Ticket Note",
      "environment": "HOSTED",
      "presentation": "{\"w\":60,\"x\":-395,\"h\":60,\"y\":1327}",
      "step": "04e7a7d7-9491-4212-a823-2376fafadba3",
      "stepType": "SCRIPT_STEP",
      "inputMappings": [
        {
          "inputPort": "input",
          "mapping": "false",
          "stepInput": "c922ac35-e229-4fe4-8cc3-9fe113c74541"
        },
        {
          "inputPort": "input",
          "mapping": " ${triggerOutputANNOTATION.annotation.author.firstName}  ${triggerOutputANNOTATION.annotation.author.lastName} commented:  ${triggerOutputANNOTATION.annotation.comment}",
          "stepInput": "1026fd3d-e29a-4508-96aa-c0de9ca85659"
        },
        {
          "inputPort": "input",
          "mapping": "${constants.Integration_User_ID}",
          "stepInput": "6f99957b-6d2b-4145-93bb-d77083157f92"
        },
        {
          "inputPort": "input",
          "mapping": "${event.properties.ticket_id}",
          "stepInput": "fc6663aa-5013-4a86-a0da-e26912e4715e"
        }
      ]
    },
    {
      "id": "56931262-c458-4271-97a0-362de4834f1d",
      "endpoint": "FreshDesk",
      "label": "Add FreshDesk Ticket Note",
      "environment": "HOSTED",
      "presentation": "{\"w\":60,\"x\":-398,\"h\":60,\"y\":1800}",
      "step": "04e7a7d7-9491-4212-a823-2376fafadba3",
      "stepType": "SCRIPT_STEP",
      "inputMappings": [
        {
          "inputPort": "input",
          "mapping": "true",
          "stepInput": "c922ac35-e229-4fe4-8cc3-9fe113c74541"
        },
        {
          "inputPort": "input",
          "mapping": "xMatters notification delivery to ${triggerOutputDELIVERYSTATUS.notification.recipient.owner.firstName}  ${triggerOutputDELIVERYSTATUS.notification.recipient.owner.lastName} on ${triggerOutputDELIVERYSTATUS.notification.recipient.name}  with a status of ${triggerOutputDELIVERYSTATUS.notification.deliveryStatus} at  ${triggerOutputDELIVERYSTATUS.deliveryStatusUpdated.at}",
          "stepInput": "1026fd3d-e29a-4508-96aa-c0de9ca85659"
        },
        {
          "inputPort": "input",
          "mapping": "${constants.Integration_User_ID}",
          "stepInput": "6f99957b-6d2b-4145-93bb-d77083157f92"
        },
        {
          "inputPort": "input",
          "mapping": "${event.properties.ticket_id}",
          "stepInput": "fc6663aa-5013-4a86-a0da-e26912e4715e"
        }
      ]
    },
    {
      "id": "8e6b3133-562d-4609-b064-855048dbcd1e",
      "endpoint": "FreshDesk",
      "label": "Assign FreshDesk Ticket",
      "environment": "HOSTED",
      "presentation": "{\"w\":60,\"x\":-61,\"h\":60,\"y\":944}",
      "step": "e58b8047-47c1-4d46-b55e-7a82b4020e6f",
      "stepType": "SCRIPT_STEP",
      "inputMappings": [
        {
          "inputPort": "input",
          "mapping": "${event.properties.ticket_priority}",
          "stepInput": "0b4ad481-8ed4-4a3c-a57c-8dc68c32976d"
        },
        {
          "inputPort": "input",
          "mapping": "3",
          "stepInput": "cb924a49-ed3f-41f6-a690-50530ccc58b7"
        },
        {
          "inputPort": "input",
          "mapping": "${9f9b211d-a1f2-4dd5-b8fc-35001048ef5b.Property Value}",
          "stepInput": "43d17dfe-e08d-4539-a43f-5836b5d8a221"
        },
        {
          "inputPort": "input",
          "mapping": "${event.properties.ticket_id}",
          "stepInput": "3cb0ef9a-ddd5-4509-a331-40d636e76279"
        }
      ]
    },
    {
      "id": "a9555abb-fd8f-4698-8b83-ae572efa9266",
      "label": "Assign ticket to me",
      "environment": "HOSTED",
      "presentation": "{}",
      "step": "2e1130f5-8ca2-45be-8317-01a3c6ac538b",
      "stepType": "INTEGRATION"
    },
    {
      "id": "826f4e5b-bdcf-4da6-b880-2ec9e270958a",
      "label": "Clean FreshDesk Ticket Description",
      "environment": "HOSTED",
      "presentation": "{\"w\":60,\"x\":-287,\"h\":60,\"y\":8}",
      "step": "cd32d5f0-8fdd-492c-b5d8-0a363bced9dc",
      "stepType": "SCRIPT_STEP",
      "inputMappings": [
        {
          "inputPort": "input",
          "mapping": "${5fd2fa53-5fb7-46c7-acdb-fa6162da23af.ticket_description}",
          "stepInput": "9948df4b-6811-42ab-9938-abfe764fef0a"
        }
      ]
    },
    {
      "id": "ab8c7384-a21a-4589-a5f6-544974017b34",
      "label": "Create Event - Ticket Alerts",
      "environment": "HOSTED",
      "presentation": "{\"w\":60,\"x\":-55,\"h\":60,\"y\":9}",
      "step": "4c662235-50f1-4290-85b5-4e10013208d1",
      "stepType": "CREATE_EVENT",
      "inputMappings": [
        {
          "inputPort": "input",
          "mapping": "${5fd2fa53-5fb7-46c7-acdb-fa6162da23af.ticket_agent_name}",
          "sectionItemKey": "7b9edca0-3ee7-4092-acc7-6e257ddf775d"
        },
        {
          "inputPort": "input",
          "mapping": "${5fd2fa53-5fb7-46c7-acdb-fa6162da23af.ticket_company_name}",
          "sectionItemKey": "891a7d65-3126-4d2a-a27b-46232d35257a"
        },
        {
          "inputPort": "input",
          "mapping": "${5fd2fa53-5fb7-46c7-acdb-fa6162da23af.ticket_contact_lastname}",
          "sectionItemKey": "4e906b68-c85f-42a5-8e6e-1fb83644335a"
        },
        {
          "inputPort": "input",
          "mapping": "${5fd2fa53-5fb7-46c7-acdb-fa6162da23af.ticket_source}",
          "sectionItemKey": "b681c6ce-3d5e-41cb-a723-10a8d4f1f44e"
        },
        {
          "inputPort": "input",
          "mapping": "${5fd2fa53-5fb7-46c7-acdb-fa6162da23af.ticket_portal_url}",
          "sectionItemKey": "1eb3b4d2-c41b-467e-84a3-27d0b974009c"
        },
        {
          "inputPort": "input",
          "mapping": "${826f4e5b-bdcf-4da6-b880-2ec9e270958a.ticket_description}",
          "sectionItemKey": "992d0b57-aed7-422f-aa69-760d6dd518bf"
        },
        {
          "inputPort": "input",
          "mapping": "${5fd2fa53-5fb7-46c7-acdb-fa6162da23af.ticket_group_name}",
          "sectionItemKey": "recipients"
        },
        {
          "inputPort": "input",
          "mapping": "${5fd2fa53-5fb7-46c7-acdb-fa6162da23af.ticket_url}",
          "sectionItemKey": "917128dc-d065-46a3-90c0-228f15808f1e"
        },
        {
          "inputPort": "input",
          "mapping": "${5fd2fa53-5fb7-46c7-acdb-fa6162da23af.ticket_group_name}",
          "sectionItemKey": "03f3a43d-dc08-4b2f-b5ea-8be8fe26807a"
        },
        {
          "inputPort": "input",
          "mapping": "${5fd2fa53-5fb7-46c7-acdb-fa6162da23af.ticket_status}",
          "sectionItemKey": "de7ec23b-8896-45d9-80d4-4b367d258954"
        },
        {
          "inputPort": "input",
          "mapping": "${5fd2fa53-5fb7-46c7-acdb-fa6162da23af.ticket_priority}",
          "sectionItemKey": "e6859f05-7f1a-4533-9887-2fd2ad4e23fa"
        },
        {
          "inputPort": "input",
          "mapping": "${5fd2fa53-5fb7-46c7-acdb-fa6162da23af.ticket_due_by_time}",
          "sectionItemKey": "3077ae36-45b6-4e72-b990-84047e46f214"
        },
        {
          "inputPort": "input",
          "mapping": "${5fd2fa53-5fb7-46c7-acdb-fa6162da23af.ticket_subject}",
          "sectionItemKey": "82ea4ff0-25e1-443b-ab1b-1836a37152bf"
        },
        {
          "inputPort": "input",
          "mapping": "${5fd2fa53-5fb7-46c7-acdb-fa6162da23af.ticket_contact_firstname}",
          "sectionItemKey": "dd236f1c-a938-4c08-8a44-332b46744fe1"
        },
        {
          "inputPort": "input",
          "mapping": "${5fd2fa53-5fb7-46c7-acdb-fa6162da23af.ticket_id}",
          "sectionItemKey": "3390d714-2ee4-4ba6-a6d7-c924019f6169"
        }
      ]
    },
    {
      "id": "9f9b211d-a1f2-4dd5-b8fc-35001048ef5b",
      "label": "Find User Property Value",
      "environment": "HOSTED",
      "presentation": "{\"w\":60,\"x\":-266,\"h\":60,\"y\":944}",
      "step": "3fd0b659-1191-53dc-a9a1-aadf67e7cd66",
      "stepType": "SCRIPT_STEP",
      "inputMappings": [
        {
          "inputPort": "input",
          "mapping": "${triggerOutputRESPONSE.respondedTo.by.id}",
          "stepInput": "5ef7ebe2-8702-52af-b720-d1ba5604bd84"
        },
        {
          "inputPort": "input",
          "mapping": "FreshDesk Agent ID",
          "stepInput": "f26b2a64-d5f5-5827-b03e-98a3bde84130"
        }
      ]
    },
    {
      "id": "a0f634f5-4a5f-403f-9166-ba7284f82ce0",
      "label": "Find User Property Value",
      "environment": "HOSTED",
      "presentation": "{\"w\":60,\"x\":-264,\"h\":60,\"y\":1099}",
      "step": "3fd0b659-1191-53dc-a9a1-aadf67e7cd66",
      "stepType": "SCRIPT_STEP",
      "inputMappings": [
        {
          "inputPort": "input",
          "mapping": "${triggerOutputRESPONSE.respondedTo.by.id}",
          "stepInput": "5ef7ebe2-8702-52af-b720-d1ba5604bd84"
        },
        {
          "inputPort": "input",
          "mapping": "FreshDesk Agent ID",
          "stepInput": "f26b2a64-d5f5-5827-b03e-98a3bde84130"
        }
      ]
    },
    {
      "id": "9517acc4-51e6-4a24-bcfe-648c4e40c597",
      "label": "Get Events",
      "environment": "HOSTED",
      "presentation": "{\"w\":60,\"x\":-294,\"h\":60,\"y\":306}",
      "step": "f36cf6ba-2225-5cb3-831f-030a05527c72",
      "stepType": "SCRIPT_STEP",
      "inputMappings": [
        {
          "inputPort": "input",
          "mapping": "ACTIVE",
          "stepInput": "fa86536b-3508-56de-884b-503596bd64c2"
        },
        {
          "inputPort": "input",
          "mapping": "ticket_id#en",
          "stepInput": "72cd05cc-dfe2-5933-b85c-edcf1df9f56f"
        },
        {
          "inputPort": "input",
          "mapping": "${5fd2fa53-5fb7-46c7-acdb-fa6162da23af.ticket_id}",
          "stepInput": "b58893a5-ffaf-502d-982b-613dcd7b2232"
        },
        {
          "inputPort": "input",
          "mapping": "TRUE",
          "stepInput": "3bb89cc9-b89f-5291-9c54-1da7bc6c051a"
        }
      ]
    },
    {
      "id": "228cf91c-e1cd-4d1d-b9bd-3b1e1ef51844",
      "label": "Get Events",
      "environment": "HOSTED",
      "presentation": "{\"w\":60,\"x\":-294,\"h\":60,\"y\":158}",
      "step": "f36cf6ba-2225-5cb3-831f-030a05527c72",
      "stepType": "SCRIPT_STEP",
      "inputMappings": [
        {
          "inputPort": "input",
          "mapping": "ACTIVE",
          "stepInput": "fa86536b-3508-56de-884b-503596bd64c2"
        },
        {
          "inputPort": "input",
          "mapping": "ticket_id#en",
          "stepInput": "72cd05cc-dfe2-5933-b85c-edcf1df9f56f"
        },
        {
          "inputPort": "input",
          "mapping": "${5fd2fa53-5fb7-46c7-acdb-fa6162da23af.ticket_id}",
          "stepInput": "b58893a5-ffaf-502d-982b-613dcd7b2232"
        },
        {
          "inputPort": "input",
          "mapping": "TRUE",
          "stepInput": "3bb89cc9-b89f-5291-9c54-1da7bc6c051a"
        }
      ]
    },
    {
      "id": "49c48920-ea30-480e-a549-78e4d3ff22ad",
      "label": "Get Events",
      "environment": "HOSTED",
      "presentation": "{\"w\":60,\"x\":-296,\"h\":60,\"y\":459}",
      "step": "f36cf6ba-2225-5cb3-831f-030a05527c72",
      "stepType": "SCRIPT_STEP",
      "inputMappings": [
        {
          "inputPort": "input",
          "mapping": "ACTIVE",
          "stepInput": "fa86536b-3508-56de-884b-503596bd64c2"
        },
        {
          "inputPort": "input",
          "mapping": "ticket_id#en",
          "stepInput": "72cd05cc-dfe2-5933-b85c-edcf1df9f56f"
        },
        {
          "inputPort": "input",
          "mapping": "${5fd2fa53-5fb7-46c7-acdb-fa6162da23af.ticket_id}",
          "stepInput": "b58893a5-ffaf-502d-982b-613dcd7b2232"
        },
        {
          "inputPort": "input",
          "mapping": "TRUE",
          "stepInput": "3bb89cc9-b89f-5291-9c54-1da7bc6c051a"
        }
      ]
    },
    {
      "id": "71fe7deb-40d5-49d9-aeb3-7920efffc50e",
      "endpoint": "FreshDesk",
      "label": "Resolve FreshDesk Ticket",
      "environment": "HOSTED",
      "presentation": "{\"w\":60,\"x\":-56,\"h\":60,\"y\":1098}",
      "step": "cef8d29a-daf3-49dd-bad6-5bbd90342cac",
      "stepType": "SCRIPT_STEP",
      "inputMappings": [
        {
          "inputPort": "input",
          "mapping": "${event.properties.ticket_priority}",
          "stepInput": "eee1f0c3-4dae-4f0b-b35f-f6441d15e940"
        },
        {
          "inputPort": "input",
          "mapping": "4",
          "stepInput": "bf8511bb-12a1-49f3-9354-477da412ca4a"
        },
        {
          "inputPort": "input",
          "mapping": "${a0f634f5-4a5f-403f-9166-ba7284f82ce0.Property Value}",
          "stepInput": "82b3fb24-45e9-41a5-92c6-d587379cb092"
        },
        {
          "inputPort": "input",
          "mapping": "${event.properties.ticket_id}",
          "stepInput": "eb90a77d-fdad-4b97-bef9-4fae381537bf"
        }
      ]
    },
    {
      "id": "ce9e47dc-6390-41d0-92b1-a63f3786f1be",
      "label": "Resolve ticket",
      "environment": "HOSTED",
      "presentation": "{}",
      "step": "c192459a-bea9-41ef-af0e-c22df52c0545",
      "stepType": "INTEGRATION"
    },
    {
      "id": "b48a6fb5-1fe7-45b2-ac48-2074e13bc167",
      "label": "Responses",
      "environment": "HOSTED",
      "presentation": "{\"w\":100,\"x\":-554,\"h\":50,\"y\":787}",
      "stepType": "RESPONSES"
    },
    {
      "id": "deb4cb34-2b4d-4392-a013-09d9c121d9e5",
      "label": "Switch",
      "environment": "HOSTED",
      "presentation": "{\"w\":60,\"x\":-547,\"h\":60,\"y\":-129}",
      "stepType": "SWITCH",
      "inputMappings": [
        {
          "inputPort": "input",
          "mapping": "${5fd2fa53-5fb7-46c7-acdb-fa6162da23af.ticket_status}"
        }
      ],
      "switchCases": [
        {
          "caseId": "8af65e68-7da4-4dda-867b-64172899e3eb",
          "caseValue": "Open"
        },
        {
          "caseId": "93eb2e62-7f45-4114-92f6-64cbda861899",
          "caseValue": "Closed"
        },
        {
          "caseId": "0c7fc190-2f54-4863-b3ce-df6a9f3dbec6",
          "caseValue": "Pending"
        },
        {
          "caseId": "04557aae-6309-49b3-af0a-f981dcc6c382",
          "caseValue": "Resolved"
        }
      ]
    },
    {
      "id": "1027cb99-b223-4a86-b6d4-c65e1fe6a00c",
      "label": "Switch",
      "environment": "HOSTED",
      "presentation": "{\"w\":60,\"x\":-71,\"h\":60,\"y\":475}",
      "stepType": "SWITCH",
      "inputMappings": [
        {
          "inputPort": "input",
          "mapping": "${49c48920-ea30-480e-a549-78e4d3ff22ad.Number of Event IDs Returned}"
        }
      ],
      "switchCases": [
        {
          "caseId": "124bb253-56c9-492c-a537-11b047eaab20",
          "caseValue": "0"
        }
      ]
    },
    {
      "id": "f3a82832-cf26-4597-b122-692419f12b3a",
      "label": "Terminate Events",
      "environment": "HOSTED",
      "presentation": "{\"w\":60,\"x\":281,\"h\":60,\"y\":761}",
      "step": "798e3053-b4b4-5e8c-ba84-8a11c3be6237",
      "stepType": "SCRIPT_STEP",
      "inputMappings": [
        {
          "inputPort": "input",
          "mapping": "${49c48920-ea30-480e-a549-78e4d3ff22ad.Event IDs}",
          "stepInput": "4fdf2591-4925-5682-8911-f0163d7f98dd"
        }
      ]
    },
    {
      "id": "39c89cbe-f28a-4261-a1f8-6806580dcba1",
      "label": "Terminate Events",
      "environment": "HOSTED",
      "presentation": "{\"w\":60,\"x\":-67,\"h\":60,\"y\":307}",
      "step": "798e3053-b4b4-5e8c-ba84-8a11c3be6237",
      "stepType": "SCRIPT_STEP",
      "inputMappings": [
        {
          "inputPort": "input",
          "mapping": "${9517acc4-51e6-4a24-bcfe-648c4e40c597.Event IDs}",
          "stepInput": "4fdf2591-4925-5682-8911-f0163d7f98dd"
        }
      ]
    },
    {
      "id": "6164c54e-80b0-4d4f-8171-098afbfbfa6d",
      "label": "Terminate Events",
      "environment": "HOSTED",
      "presentation": "{\"w\":60,\"x\":-55,\"h\":60,\"y\":159}",
      "step": "798e3053-b4b4-5e8c-ba84-8a11c3be6237",
      "stepType": "SCRIPT_STEP",
      "inputMappings": [
        {
          "inputPort": "input",
          "mapping": "${228cf91c-e1cd-4d1d-b9bd-3b1e1ef51844.Event IDs}",
          "stepInput": "4fdf2591-4925-5682-8911-f0163d7f98dd"
        }
      ]
    },
    {
      "id": "6544ddae-056f-418e-9c47-15ba935bf9e5",
      "label": "Ticket Alerts - Device Delivery Updates",
      "environment": "HOSTED",
      "presentation": "{\"w\":60,\"x\":-580,\"h\":60,\"y\":1802}",
      "step": "ae95d923-1586-4e9d-939a-a91042fc970f",
      "stepType": "INTEGRATION"
    },
    {
      "id": "53a512ec-13ee-48f6-8a85-6f3f63949709",
      "label": "Ticket Alerts - Event Comments",
      "environment": "HOSTED",
      "presentation": "{\"w\":60,\"x\":-573,\"h\":60,\"y\":1328}",
      "step": "9affd532-b06e-46bd-baaa-5c1c9536d492",
      "stepType": "INTEGRATION"
    },
    {
      "id": "f82ef0aa-5159-4811-bcd9-502c6aff33c2",
      "label": "Ticket Alerts - Event Status Updates",
      "environment": "HOSTED",
      "presentation": "{\"w\":60,\"x\":-579,\"h\":60,\"y\":1567}",
      "step": "3cab302b-0b4a-4b76-94a2-0f2cb8d88854",
      "stepType": "INTEGRATION"
    },
    {
      "id": "5fd2fa53-5fb7-46c7-acdb-fa6162da23af",
      "label": "Ticket Alerts - FreshDesk-Inbound",
      "environment": "HOSTED",
      "presentation": "{\"w\":60,\"x\":-868,\"h\":60,\"y\":-146}",
      "step": "963656a2-7d75-4f3a-9ca8-7fe1dbf86b46",
      "stepType": "INTEGRATION"
    }
  ],
  "edges": [
    {
      "fromBlock": "826f4e5b-bdcf-4da6-b880-2ec9e270958a",
      "fromPort": "output",
      "toBlock": "ab8c7384-a21a-4589-a5f6-544974017b34",
      "toPort": "input"
    },
    {
      "fromBlock": "9517acc4-51e6-4a24-bcfe-648c4e40c597",
      "fromPort": "output",
      "toBlock": "39c89cbe-f28a-4261-a1f8-6806580dcba1",
      "toPort": "input"
    },
    {
      "fromBlock": "9f9b211d-a1f2-4dd5-b8fc-35001048ef5b",
      "fromPort": "output",
      "toBlock": "8e6b3133-562d-4609-b064-855048dbcd1e",
      "toPort": "input"
    },
    {
      "fromBlock": "a0f634f5-4a5f-403f-9166-ba7284f82ce0",
      "fromPort": "output",
      "toBlock": "71fe7deb-40d5-49d9-aeb3-7920efffc50e",
      "toPort": "input"
    },
    {
      "fromBlock": "a9555abb-fd8f-4698-8b83-ae572efa9266",
      "fromPort": "output",
      "toBlock": "9f9b211d-a1f2-4dd5-b8fc-35001048ef5b",
      "toPort": "input"
    },
    {
      "fromBlock": "ce9e47dc-6390-41d0-92b1-a63f3786f1be",
      "fromPort": "output",
      "toBlock": "a0f634f5-4a5f-403f-9166-ba7284f82ce0",
      "toPort": "input"
    },
    {
      "fromBlock": "deb4cb34-2b4d-4392-a013-09d9c121d9e5",
      "fromPort": "8af65e68-7da4-4dda-867b-64172899e3eb",
      "toBlock": "826f4e5b-bdcf-4da6-b880-2ec9e270958a",
      "toPort": "input"
    },
    {
      "fromBlock": "deb4cb34-2b4d-4392-a013-09d9c121d9e5",
      "fromPort": "0c7fc190-2f54-4863-b3ce-df6a9f3dbec6",
      "toBlock": "9517acc4-51e6-4a24-bcfe-648c4e40c597",
      "toPort": "input"
    },
    {
      "fromBlock": "deb4cb34-2b4d-4392-a013-09d9c121d9e5",
      "fromPort": "93eb2e62-7f45-4114-92f6-64cbda861899",
      "toBlock": "228cf91c-e1cd-4d1d-b9bd-3b1e1ef51844",
      "toPort": "input"
    },
    {
      "fromBlock": "deb4cb34-2b4d-4392-a013-09d9c121d9e5",
      "fromPort": "04557aae-6309-49b3-af0a-f981dcc6c382",
      "toBlock": "49c48920-ea30-480e-a549-78e4d3ff22ad",
      "toPort": "input"
    },
    {
      "fromBlock": "f82ef0aa-5159-4811-bcd9-502c6aff33c2",
      "fromPort": "output",
      "toBlock": "84e856ed-6720-46d2-a7d5-cdacdae61b09",
      "toPort": "input"
    },
    {
      "fromBlock": "1027cb99-b223-4a86-b6d4-c65e1fe6a00c",
      "fromPort": "output",
      "toBlock": "f3a82832-cf26-4597-b122-692419f12b3a",
      "toPort": "input"
    },
    {
      "fromBlock": "228cf91c-e1cd-4d1d-b9bd-3b1e1ef51844",
      "fromPort": "output",
      "toBlock": "6164c54e-80b0-4d4f-8171-098afbfbfa6d",
      "toPort": "input"
    },
    {
      "fromBlock": "49c48920-ea30-480e-a549-78e4d3ff22ad",
      "fromPort": "output",
      "toBlock": "1027cb99-b223-4a86-b6d4-c65e1fe6a00c",
      "toPort": "input"
    },
    {
      "fromBlock": "53a512ec-13ee-48f6-8a85-6f3f63949709",
      "fromPort": "output",
      "toBlock": "3b56e3d5-3754-4a87-b724-3c3cb1b933a4",
      "toPort": "input"
    },
    {
      "fromBlock": "5fd2fa53-5fb7-46c7-acdb-fa6162da23af",
      "fromPort": "output",
      "toBlock": "deb4cb34-2b4d-4392-a013-09d9c121d9e5",
      "toPort": "input"
    },
    {
      "fromBlock": "6544ddae-056f-418e-9c47-15ba935bf9e5",
      "fromPort": "output",
      "toBlock": "56931262-c458-4271-97a0-362de4834f1d",
      "toPort": "input"
    }
  ]
}